{
  "vowels": {
    "A": 0.22548888888888888,
    "E": 0.28215555555555555,
    "I": 0.2006888888888889,
    "O": 0.20086666666666667,
    "U": 0.0908
  },
  "consonants": {
    "B": 0.02868888888888889,
    "C": 0.04086666666666667,
    "D": 0.08171111111111111,
    "F": 0.02788888888888889,
    "G": 0.041911111111111114,
    "H": 0.028133333333333333,
    "J": 0.015466666666666667,
    "K": 0.013666666666666667,
    "L": 0.06537777777777778,
    "M": 0.055266666666666665,
    "N": 0.10702222222222223,
    "P": 0.055466666666666664,
    "Q": 0.014355555555555555,
    "R": 0.11582222222222222,
    "S": 0.11766666666666667,
    "T": 0.11946666666666667,
    "V": 0.014755555555555555,
    "W": 0.013533333333333333,
    "X": 0.01368888888888889,
    "Y": 0.014444444444444444,
    "Z": 0.0148
  },
  "iterations": 5000,
  "timestamp": "2025-07-21T04:57:17.226Z"
}