{
  "vowels": {
    "A": 0.2233777777777778,
    "E": 0.2828222222222222,
    "I": 0.20666666666666667,
    "O": 0.19986666666666666,
    "U": 0.08726666666666667
  },
  "consonants": {
    "B": 0.02908888888888889,
    "C": 0.043133333333333336,
    "D": 0.08244444444444445,
    "F": 0.027444444444444445,
    "G": 0.04304444444444445,
    "H": 0.029044444444444446,
    "J": 0.014466666666666666,
    "K": 0.014377777777777778,
    "L": 0.06806666666666666,
    "M": 0.055355555555555554,
    "N": 0.10468888888888889,
    "P": 0.05611111111111111,
    "Q": 0.013444444444444445,
    "R": 0.11653333333333334,
    "S": 0.11573333333333333,
    "T": 0.11477777777777778,
    "V": 0.013866666666666666,
    "W": 0.014777777777777779,
    "X": 0.01508888888888889,
    "Y": 0.013911111111111112,
    "Z": 0.0146
  },
  "iterations": 5000,
  "timestamp": "2025-07-21T04:44:49.496Z"
}