{
  "vowels": {
    "A": 0.22944444444444445,
    "E": 0.2806296296296296,
    "I": 0.2011851851851852,
    "O": 0.2001851851851852,
    "U": 0.08855555555555555
  },
  "consonants": {
    "B": 0.028925925925925924,
    "C": 0.039296296296296294,
    "D": 0.08244444444444445,
    "F": 0.02774074074074074,
    "G": 0.04303703703703704,
    "H": 0.02937037037037037,
    "J": 0.014444444444444444,
    "K": 0.013296296296296296,
    "L": 0.06781481481481481,
    "M": 0.05725925925925926,
    "N": 0.10662962962962963,
    "P": 0.05548148148148148,
    "Q": 0.013851851851851851,
    "R": 0.11655555555555555,
    "S": 0.11514814814814815,
    "T": 0.1174074074074074,
    "V": 0.014592592592592593,
    "W": 0.014555555555555556,
    "X": 0.013703703703703704,
    "Y": 0.014555555555555556,
    "Z": 0.013888888888888888
  },
  "iterations": 3000,
  "timestamp": "2025-07-21T06:08:03.688Z"
}